#{"t_start": 1733170565.426464, "env_id": "None"}
r,l,t
-10.32,76,0.790855
-19.36,20,0.843195
-10.91,32,0.910335
7.982818,96,1.153208
-19.18,20,1.199608
9.100271,32,1.260478
-13.4,25,1.344327
-19.31,29,1.424504
7.50134,41,1.531415
-12.87,40,1.643906
-7.76,36,1.762488
-11.0,33,1.86855
7.186207,36,2.003154
-17.0,34,2.116726
-10.88,42,2.269179
-14.0,33,2.396768
-16.26,21,2.47054
-20.0,34,2.554989
-13.74,45,2.640726
-16.65,27,2.681123
-20.0,49,2.750865
7.984127,69,2.856764
-17.0,28,2.899415
-10.37,28,2.93849
-13.34,24,2.987152
-13.25,47,3.056342
-16.23,37,3.146454
-7.27,59,3.275238
-13.81,22,3.328562
-10.61,28,3.388814
8.0,70,3.531525
-16.35,34,3.609547
7.763636,42,3.697547
7.756757,39,3.797777
-16.92,31,3.871149
-11.0,57,4.014632
-19.72,29,4.09623
-16.59,52,4.223039
-16.71,38,4.343664
-14.0,25,4.409447
-13.69,61,4.72354
-17.0,23,4.792427
-19.68,27,4.864576
-13.38,22,4.917052
-18.26,34,5.025782
-16.28,53,5.175553
-19.04,40,5.288148
-22.44,47,5.421049
-10.77,47,5.530745
-10.55,36,5.606959
-17.0,25,5.658451
7.045977,26,5.723079
-10.02,49,5.847448
-16.67,27,5.925924
-20.0,30,6.001199
-16.64,24,6.053271
-8.0,31,6.121306
-10.09,48,6.221401
8.0,65,6.356341
-16.7,38,6.445112
-8.0,40,6.549188
-16.04,39,6.670199
-17.0,40,6.781512
-7.55,26,6.858404
-13.44,23,6.919593
-17.0,28,7.039548
7.236364,39,7.164563
-22.05,18,7.220319
-10.69,57,7.393382
7.104478,56,7.547916
-13.46,29,7.634545
7.757937,79,7.871869
-10.61,26,7.97991
-10.94,30,8.055483
-13.51,29,8.125053
-11.0,31,8.212874
-13.44,47,8.330254
-17.0,25,8.410607
-16.44,26,8.475276
-12.58,61,8.639603
-19.99,100,8.875974
-13.63,27,8.955348
-14.0,25,9.020732
-22.2,28,9.088593
-10.44,37,9.18731
-14.0,47,9.308618
-13.6,28,9.377013
-16.52,33,9.447026
-16.48,40,9.532305
-7.49,57,9.655927
-19.67,24,9.705594
-19.61,58,9.815813
-16.24,28,9.875757
-19.21,48,9.990832
-8.0,27,10.066203
-21.98,51,10.203107
-16.29,20,10.262217
7.115894,50,10.396928
-8.0,38,10.495897
-7.82,74,10.704377
7.412869,57,10.98978
7.075397,39,11.122595
9.433353,64,11.343541
-16.87,24,11.423129
-19.84,30,11.514469
7.338926,87,11.762837
-17.0,38,11.871742
-13.76,52,12.017528
-7.27,27,12.096658
-10.76,30,12.175467
-10.44,30,12.242524
-16.25,19,12.285472
-16.17,23,12.334598
-16.35,18,12.373435
-10.49,49,12.478034
-13.09,25,12.531309
12.709052,31,12.608863
7.292683,43,12.735096
-19.05,33,12.814286
7.337079,50,12.960177
-19.08,21,13.019954
10.560656,59,13.186278
7.648352,140,13.58487
-8.0,40,13.711951
-16.48,35,13.82193
-14.0,33,13.910379
-13.48,62,14.147113
13.388489,54,14.315074
-23.0,42,14.424783
-7.74,55,14.572313
-10.2,39,14.670894
-19.4,27,14.744583
-7.88,48,14.876903
-7.71,52,15.041251
-10.69,31,15.13009
-19.85,28,15.211663
-13.7,25,15.282791
-10.79,31,15.376783
-16.27,31,15.453233
-10.39,57,15.599336
7.117424,46,15.729418
-13.39,38,15.837719
-10.65,59,16.03502
7.864964,53,16.205745
-13.74,27,16.295605
-10.72,60,16.467338
-13.08,36,16.59143
-11.0,45,16.748415
-13.21,28,16.837127
-13.96,51,16.987619
-13.6,51,17.152713
-19.8,35,17.275355
-12.87,28,17.33744
-22.64,28,17.401783
-13.28,79,17.61706
-16.85,77,17.781426
-10.43,35,17.857337
-19.64,66,18.023111
-11.0,43,18.138642
-16.98,33,18.228532
7.666667,30,18.317074
-14.0,43,18.446831
-10.4,35,18.545674
-10.46,28,18.636383
17.018688,24,18.721948
-13.73,37,18.830644
-13.76,22,18.891303
-14.0,23,18.969522
10.906076,56,19.273454
-11.0,84,19.545066
-7.33,65,19.738138
-13.66,31,19.84024
-10.73,25,19.923046
-8.0,32,20.018858
-16.38,39,20.117148
-16.39,27,20.171458
-13.23,30,20.237165
-10.2,41,20.345072
-17.0,33,20.440505
-19.21,24,20.50506
12.51335,29,20.593828
-8.0,38,20.698145
-16.62,39,20.778181
-11.5,25,20.838786
-10.88,34,20.97459
7.179389,37,21.103586
-17.0,20,21.171674
-13.1,91,21.41509
-20.0,30,21.50146
-13.18,26,21.577033
7.815934,102,21.870327
-15.98,36,21.982494
-17.0,26,22.052708
7.580205,55,22.209491
-10.76,19,22.2705
-13.28,33,22.357232
-20.0,40,22.448711
-17.0,40,22.546273
-7.7,40,22.665948
-14.0,111,23.015516
-10.81,36,23.130174
-10.42,26,23.216425
-13.9,44,23.33614
-14.0,24,23.403254
-7.9,29,23.487127
-13.97,27,23.565675
-14.0,33,23.669916
-10.8,44,23.786993
-16.68,25,23.841444
-16.45,30,23.908807
7.435374,47,24.036501
7.340659,42,24.160506
-16.26,27,24.242287
-14.0,32,24.337655
-10.61,34,24.431854
12.234187,55,24.587154
-13.82,32,24.679397
-7.88,30,24.770377
10.90146,34,24.863999
-19.25,20,24.917658
-8.0,18,24.98358
-13.65,44,25.104825
-7.36,56,25.27269
-19.27,23,25.343429
-10.73,37,25.456357
-16.09,38,25.565447
-10.05,32,25.664664
-11.0,73,25.888212
-10.71,72,26.104757
-7.88,57,26.229707
-14.0,30,26.307157
-13.48,26,26.377257
-16.61,60,26.508434
-8.0,32,26.596021
-10.18,33,26.676148
7.860068,32,26.743717
-10.76,38,26.850943
7.094488,46,26.973163
-19.72,20,27.028772
-10.04,48,27.173119
12.557005,27,27.255821
-10.55,37,27.372468
-13.26,36,27.482806
-19.22,28,27.574122
-19.24,23,27.644351
-14.0,59,27.794318
-22.18,20,27.853183
9.666147,42,28.00811
-13.78,27,28.093087
-7.11,48,28.231124
13.854033,37,28.346406
-7.82,29,28.43457
12.67117,45,28.569846
7.733788,85,28.825976
-10.87,53,29.0241
-13.41,34,29.141087
-14.0,27,29.226852
-16.64,32,29.514994
-7.23,41,29.651018
-13.2,37,29.751547
-10.23,28,29.816295
-17.0,32,29.883046
-19.83,26,29.937369
7.189922,52,30.056741
-19.08,40,30.157673
-16.09,23,30.227793
15.480021,43,30.337962
7.090909,39,30.470796
-11.0,76,30.707895
-13.94,93,31.003853
-19.23,29,31.103021
-16.22,39,31.221259
-10.91,69,31.421284
-13.87,33,31.527566
7.507812,39,31.649528
10.618519,41,31.77532
-16.57,27,31.86991
-10.5,44,32.012285
-10.26,35,32.105234
-13.38,46,32.216811
-19.01,23,32.265402
-16.54,62,32.420377
-11.0,23,32.491426
-10.58,27,32.568237
-16.17,32,32.664056
7.460177,74,32.876039
-17.0,26,32.976668
-13.06,22,33.042117
-16.98,26,33.10904
-10.25,38,33.20534
-10.56,29,33.273184
-13.74,47,33.373152
-16.19,38,33.479749
-16.32,38,33.587849
-10.71,36,33.696302
-10.49,34,33.801513
-13.56,25,33.881498
-13.35,38,33.993106
-19.7,66,34.200626
7.703704,67,34.421602
-14.0,30,34.527109
7.558442,34,34.646303
-11.0,34,34.771706
-13.78,45,34.904056
-12.44,24,35.042698
-10.71,48,35.205713
-11.0,43,35.317305
-10.73,49,35.458937
-16.06,51,35.620298
-16.61,39,35.751469
9.767939,60,35.97638
-17.0,35,36.06781
10.098976,46,36.168221
-7.22,53,36.300661
-10.03,55,36.465122
-13.53,68,36.681671
-13.78,35,36.798999
-13.81,29,36.891087
-19.99,38,37.018013
13.040111,60,37.195287
-13.14,26,37.282207
-13.81,75,37.506521
-7.45,38,37.654242
-7.79,64,37.817985
-13.05,33,37.910378
-13.22,23,37.985266
-14.0,33,38.083031
-7.32,43,38.216902
-13.36,30,38.316312
-10.28,36,38.416743
13.467181,23,38.497371
-7.88,55,38.655605
-7.07,41,38.786214
10.775641,41,38.948171
12.074263,47,39.101753
-10.92,41,39.224373
9.112399,36,39.351706
-16.54,37,39.467305
-19.14,27,39.550024
-16.55,44,39.676393
-7.51,36,39.787805
-16.17,36,39.893046
-13.05,27,39.976289
-10.19,29,40.045302
-16.03,30,40.11796
-20.0,32,40.20807
-10.5,31,40.303047
-16.7,24,40.373318
-10.52,36,40.488714
-13.37,28,40.553159
-22.58,25,40.604019
7.347945,40,40.71553
-11.0,25,40.788527
-7.88,56,40.968792
-9.16,36,41.094822
10.19978,65,41.308966
-11.0,35,41.415719
8.0,51,41.582313
-7.48,53,41.755329
-8.0,28,41.848906
-17.0,43,42.000789
10.763566,46,42.142127
-17.0,23,42.219014
-16.35,22,42.286772
-11.0,24,42.371525
7.804878,23,42.450205
7.686154,69,42.889971
12.743561,36,42.996495
-11.0,23,43.05661
-10.42,27,43.141005
8.0,50,43.284062
-13.9,39,43.402272
-13.29,25,43.471691
-16.08,26,43.543491
-13.46,29,43.626007
-10.82,33,43.722854
-19.41,26,43.797409
-19.49,33,43.886086
-10.51,37,43.992525
-19.91,43,44.110929
13.03051,33,44.212997
-10.61,34,44.320454
-16.02,42,44.445817
7.522293,76,44.683287
7.72,635,45.483575
-16.34,53,45.63751
-14.0,41,45.77803
-11.0,40,45.902107
-10.88,35,46.01716
7.907407,98,46.331056
-19.91,30,46.421028
-10.1,73,46.648273
-16.36,49,46.814757
-13.88,29,46.907596
-17.0,27,47.002304
-10.02,75,47.21416
-10.85,42,47.308806
-10.76,40,47.411803
-8.0,57,47.587726
-22.32,32,47.682317
-13.32,21,47.747565
-13.34,39,47.861002
7.462963,31,47.964279
-17.0,41,48.085556
-13.81,28,48.177862
10.20438,24,48.250787
-14.0,30,48.346486
-8.0,67,48.5343
-10.82,31,48.63765
-7.48,56,48.810308
-14.0,45,49.004856
9.187665,30,49.101288
-22.01,20,49.148513
-10.01,25,49.212052
-13.62,32,49.296583
7.097276,34,49.397936
-7.36,52,49.556887
-10.73,27,49.644637
-20.0,21,49.704184
-10.76,25,49.775215
7.01938,37,49.876039
-10.83,42,50.006066
-13.38,44,50.147282
-13.04,38,50.264318
13.750916,43,50.391905
-10.4,53,50.576165
-10.02,36,50.656501
7.429022,43,50.769156
-19.85,33,50.865098
-11.0,35,50.98578
7.212121,56,51.154136
7.549091,59,51.333301
-17.0,32,51.431849
-11.0,86,51.68903
-22.16,20,51.751803
-14.0,46,51.888094
-11.0,40,52.006542
-23.0,12,52.039017
-11.0,42,52.135906
19.23676,14,52.186158
-8.0,29,52.27126
-10.88,51,52.430898
7.718861,33,52.534553
-10.8,31,52.637962
-14.0,43,52.760678
9.300268,38,52.885197
13.481279,47,53.17117
-16.92,26,53.253539
-10.1,27,53.338553
7.092466,34,53.455667
-14.0,26,53.536338
-10.05,36,53.652221
-16.38,27,53.738123
-15.98,39,53.848276
-10.88,85,54.074974
-13.24,65,54.243434
-7.23,51,54.424516
-11.0,33,54.537869
-10.87,32,54.646159
13.140741,29,54.733692
-13.69,37,54.841319
-13.47,42,54.983196
-16.62,27,55.071843
-20.0,25,55.152907
-12.78,28,55.24842
10.137072,25,55.327764
-19.79,30,55.401088
-10.25,69,55.611715
-13.87,28,55.69914
-7.38,42,55.821178
-10.17,43,55.965444
-13.07,36,56.0776
-10.07,34,56.184514
13.164442,52,56.345937
-20.0,29,56.437506
-16.28,28,56.506772
-16.61,17,56.54743
-10.68,44,56.667015
-20.0,31,56.760491
-7.55,29,56.853323
-17.0,40,56.99474
-7.69,29,57.129608
-13.43,29,57.225554
-16.88,26,57.324209
-10.92,35,57.451391
-13.6,21,57.508364
-7.54,39,57.593789
16.835341,18,57.639127
7.505051,47,57.743522
-13.79,35,57.831157
-9.87,34,57.920353
-7.9,47,58.063675
-13.88,57,58.248561
-17.0,19,58.305663
13.227414,42,58.415961
-14.0,67,58.581209
-7.25,39,58.692639
10.726236,44,58.821147
11.0,66,59.022759
-10.43,34,59.144686
-19.49,32,59.255636
-13.99,30,59.354497
7.083591,57,59.523662
-17.0,27,59.612162
-22.37,39,59.725651
-19.71,35,59.821081
-16.77,33,60.211467
-10.54,40,60.350686
-7.43,85,60.625372
-19.77,22,60.692664
14.601236,27,60.778912
-11.0,129,61.149291
-13.26,44,61.280588
-13.69,57,61.444005
-17.0,44,61.607727
-13.22,26,61.697933
-19.92,29,61.782738
-7.89,58,61.959564
-10.86,43,62.086572
7.125364,55,62.263297
7.324232,49,62.404674
-13.62,28,62.488506
-16.71,31,62.579017
12.393321,31,62.677181
13.965412,42,62.803401
-18.81,88,63.049488
-11.83,46,63.201551
-11.0,53,63.392652
-13.16,25,63.474923
-17.0,29,63.561469
-13.62,29,63.653057
-13.62,43,63.777353
7.452012,67,63.987959
7.723077,29,64.073342
8.0,36,64.17521
7.403361,39,64.288673
-19.39,33,64.378196
-19.6,35,64.452753
-7.31,71,64.637099
-16.26,21,64.702124
-10.91,29,64.796494
8.0,57,64.980087
-11.0,30,65.077695
-7.56,58,65.262735
7.692308,37,65.421084
-13.29,20,65.491849
7.101504,36,65.610319
-13.44,76,65.830223
-13.32,36,65.962152
-13.44,35,66.069526
-10.66,32,66.173158
-16.66,23,66.248644
-14.0,36,66.35304
-19.81,20,66.414552
-12.48,29,66.503003
-13.16,31,66.595896
-16.87,28,66.67295
-10.68,90,66.926513
-15.84,72,67.17493
10.260579,44,67.349797
-19.19,31,67.446199
-7.05,30,67.539562
-16.1,35,67.65482
-14.0,22,67.713287
-11.0,45,67.855073
-12.88,52,68.012337
7.097222,54,68.179305
-11.0,40,68.301861
-15.92,47,68.447859
-16.86,56,68.603794
-7.89,65,68.81121
-19.15,32,68.912107
-11.0,25,69.001184
-13.36,108,69.320094
-7.94,53,69.490764
-19.63,30,69.588177
-16.02,31,69.687589
-19.38,30,69.75516
9.52451,30,69.82671
-13.22,41,69.932175
7.453846,40,70.04939
-8.0,38,70.168646
-8.0,35,70.28249
-11.0,59,70.489628
-10.78,47,70.641835
-8.0,37,70.767272
-13.91,37,70.896833
-7.54,42,71.070543
-11.0,31,71.179937
-19.24,30,71.272585
-10.68,23,71.348242
-13.85,27,71.425905
7.477352,62,71.619304
7.378472,55,71.855736
-16.62,54,72.053463
7.472325,59,72.277313
7.06746,42,72.428299
-9.81,62,72.619401
-19.69,40,72.769684
-14.0,21,72.842607
-13.56,55,72.999801
13.484326,25,73.05963
-8.0,36,73.164166
-19.5,29,73.248737
7.414062,43,73.389778
-10.36,33,73.493299
9.995257,26,73.574172
-10.18,57,73.753755
-7.61,30,73.856302
-16.45,40,73.98595
7.247967,30,74.080214
-8.0,30,74.179281
-13.88,36,74.287162
-19.44,17,74.340447
-13.78,26,74.417348
-10.6,51,74.574077
-14.0,26,74.654312
-7.21,77,74.861263
-16.59,22,74.911907
-13.64,36,75.004265
-13.75,48,75.109773
-16.9,62,75.26496
-11.0,39,75.395635
-11.0,32,75.499594
-8.0,41,75.618227
-17.0,26,75.702318
-13.59,23,75.768788
-13.23,29,75.861698
-16.06,28,75.953906
-13.24,29,76.042915
7.536131,105,76.295761
-8.0,56,76.41757
-7.71,42,76.536504
-13.48,29,76.633558
-10.46,35,76.753487
-10.04,56,76.914779
8.0,30,77.018197
-16.29,34,77.123388
-10.67,56,77.288368
-16.81,57,77.468922
7.409894,89,77.741779
-22.73,16,77.800171
-13.16,32,77.901262
-11.0,34,78.019102
-8.0,37,78.125804
-16.8,21,78.194806
-7.77,40,78.30816
-10.47,39,78.422291
-13.91,17,78.474652
-16.63,39,78.583502
-13.06,37,78.698961
7.418182,29,78.791429
-22.1,22,78.856382
-22.25,33,78.956981
-16.47,43,79.075463
7.722561,61,79.29552
-17.0,45,79.447918
-17.0,42,79.573387
7.173913,47,79.726784
-10.45,47,79.890729
-11.0,27,79.991023
-16.4,31,80.080248
-8.0,65,80.262469
-19.69,29,80.355803
-13.59,31,80.455972
-13.66,36,80.939844
-17.0,29,81.028072
-13.16,41,81.167221
-13.52,41,81.30488
-14.0,37,81.435258
7.166078,36,81.550724
-16.82,43,81.683404
-16.52,38,81.797916
-11.0,67,82.013307
-8.0,41,82.145631
-8.0,58,82.329315
-19.72,19,82.403956
-11.0,36,82.516819
-10.31,38,82.645995
-13.29,26,82.739522
7.443709,35,82.850371
-13.71,34,82.952814
-7.69,25,83.014337
-14.0,24,83.068105
-13.78,43,83.163218
-8.0,28,83.242792
-20.0,21,83.296599
-13.35,34,83.395921
-13.69,39,83.51321
-10.77,27,83.594016
-7.76,29,83.677203
-19.15,22,83.738322
-7.9,42,83.850402
7.091912,58,84.022094
-16.14,39,84.13972
-8.0,42,84.278805
10.410448,66,84.510859
-19.07,34,84.615475
-13.11,28,84.70042
-13.96,67,84.857315
-19.02,26,84.917832
-10.89,50,85.037038
-16.3,43,85.149912
-13.48,43,85.275613
7.283784,83,85.523825
-16.64,30,85.621684
-16.76,26,85.708284
-13.02,25,85.777062
-10.48,24,85.849857
12.411427,34,85.963065
12.604527,50,86.115485
7.866667,56,86.3067
-13.1,40,86.447222
-19.25,22,86.515075
-13.17,30,86.609376
-11.0,38,86.726719
-16.52,23,86.796662
9.991976,20,86.862263
-10.32,98,87.135152
7.903475,24,87.223342
-7.32,45,87.365433
-15.85,85,87.547875
13.174156,43,87.685611
-14.0,38,87.792686
-10.81,44,87.970096
-7.48,48,88.143975
-10.85,34,88.253313
-14.0,20,88.318895
-11.0,59,88.489777
-10.62,50,88.674442
8.0,64,88.88818
-23.0,17,88.957283
-7.14,38,89.083096
-10.46,23,89.156214
-16.37,78,89.405654
-16.3,19,89.469712
-16.51,34,89.584504
7.438462,28,89.677234
-13.94,89,89.938383
10.268152,38,90.06144
-13.45,51,90.234546
-13.87,25,90.326627
13.412088,41,90.455886
-11.0,43,90.595482
-16.66,41,90.722944
-8.0,22,90.795173
-19.24,36,90.911971
-16.8,28,91.019375
-10.51,39,91.132486
7.444805,31,91.227321
-10.43,35,91.34158
-7.52,33,91.457898
-7.18,45,91.609309
-17.0,46,91.739284
-16.8,29,91.827409
-17.0,67,92.026083
7.527273,30,92.126584
-7.68,47,92.233735
-10.86,42,92.333957
-14.0,66,92.502211
-10.81,39,92.619815
-13.2,66,92.845756
-19.99,44,93.000008
-13.78,29,93.095508
19.15261,15,93.155138
-16.85,20,93.212585
-11.0,23,93.26946
-10.72,29,93.341419
-7.76,45,93.474055
10.520833,31,93.578324
-7.6,29,93.672496
7.646209,35,93.775625
-14.0,26,93.850143
-16.78,24,93.928742
-7.37,37,94.032615
-7.25,46,94.166969
7.431973,44,94.299379
7.371166,53,94.459691
-17.0,61,94.642198
10.156379,26,94.737117
-7.73,39,94.859394
-10.94,32,95.004466
-13.41,31,95.108781
-10.31,95,95.431739
-10.49,33,95.530532
-13.72,36,95.630573
-10.9,33,95.730777
-13.52,26,95.807626
-10.1,49,95.944329
7.880546,37,96.052407
-16.38,77,96.272944
-10.45,45,96.371151
-10.68,56,96.524439
-10.26,36,96.626538
-13.28,28,96.716982
-16.3,21,96.780697
-13.54,30,96.865393
-20.0,28,96.960601
-20.0,34,97.057134
-22.47,23,97.114857
-10.79,59,97.279461
-14.0,58,97.457722
-16.36,31,97.55099
-8.0,52,97.754007
-13.74,33,97.848777
-13.04,31,97.962504
-17.0,63,98.142546
-16.77,29,98.233428
-7.51,52,98.426518
-13.57,24,98.510742
-22.19,30,98.598198
-13.46,55,98.769249
-8.0,44,98.934203
-11.0,51,99.090912
-7.16,28,99.199633
-19.32,38,99.308874
-13.01,37,99.418671
-8.0,29,99.506823
-13.52,84,99.766371
-19.76,26,99.844252
7.274775,65,100.038106
-13.55,42,100.178738
-10.75,87,100.485739
-13.49,38,100.61015
-17.0,27,100.702322
-13.76,32,100.796567
-10.06,46,100.939558
-13.52,31,101.042069
-7.4,29,101.133506
-7.79,49,101.286754
-7.84,40,101.4041
7.184116,43,101.547579
-8.0,82,101.814535
-8.0,57,102.001433
-11.0,23,102.057493
8.0,102,102.320551
-13.36,61,102.49355
-7.55,68,102.700194
-16.09,35,102.812055
-14.0,28,102.901108
-7.29,49,103.061646
-19.39,18,103.121966
-16.74,38,103.231355
-16.86,124,103.587768
-10.1,60,103.772955
-13.71,55,103.96045
-10.08,74,104.183528
-11.0,43,104.312707
18.788586,15,104.37508
-11.0,30,104.467122
-11.0,84,104.735634
-14.0,27,104.827849
-17.0,40,104.960464
-13.91,33,105.065295
-13.29,28,105.156654
9.856126,71,105.36379
7.126531,30,105.475777
-16.49,30,105.572062
16.527778,16,105.630132
10.560311,31,106.11289
-8.0,29,106.204313
-13.3,32,106.305873
-14.0,24,106.375763
-16.05,29,106.461909
-14.0,39,106.562004
-16.21,29,106.641581
-16.75,28,106.717887
-14.0,26,106.793003
-16.41,40,106.899379
-20.0,49,107.039231
-16.27,27,107.100006
-10.23,56,107.221054
-19.13,16,107.258337
-20.0,45,107.371925
9.995276,49,107.527903
-16.62,33,107.635259
8.0,98,107.933115
-16.6,67,108.143729
10.113073,46,108.308197
-10.35,31,108.41314
-10.34,36,108.526186
-16.02,57,108.710064
-7.26,33,108.824764
-16.58,26,108.906497
-8.0,38,109.04541
-10.46,56,109.20052
-16.12,53,109.369923
-16.66,27,109.457275
-13.79,28,109.53893
-7.88,94,109.801357
-10.54,36,109.928926
-22.15,26,110.012056
-13.41,20,110.083289
-13.03,42,110.213128
-7.44,30,110.293487
-13.93,41,110.399976
7.234568,33,110.499363
-10.78,46,110.630972
-10.91,33,110.744739
-16.19,28,110.823963
-16.91,49,110.97938
-10.86,25,111.071156
-10.01,43,111.214547
7.643366,69,111.425917
-16.55,27,111.530803
16.328,30,111.674306
-9.15,92,111.998152
-10.33,112,112.340939
-8.0,58,112.537793
-7.21,25,112.626369
-14.0,30,112.721177
-20.0,28,112.803557
-8.0,55,113.021532
-19.71,38,113.135819
-16.61,36,113.2619
-13.26,52,113.448091
-7.79,44,113.587582
-10.19,57,113.760713
-14.0,23,113.83669
7.893443,32,113.941746
-16.55,75,114.20779
-14.0,26,114.295113
-13.46,39,114.408892
-13.4,36,114.519739
-10.27,46,114.662845
13.765152,31,114.754018
-19.3,23,114.815125
-13.68,69,115.020637
-14.0,34,115.124131
-10.29,33,115.236034
-16.15,22,115.309216
9.557843,40,115.406181
-7.54,58,115.536771
-14.0,23,115.590956
-13.65,50,115.721507
7.514286,52,115.879293
-16.59,28,115.973591
-7.78,42,116.112406
-10.17,35,116.223058
-16.54,50,116.367754
-17.0,27,116.451811
-16.88,21,116.517447
-7.56,58,116.712938
-13.61,26,116.798023
-16.37,23,116.86778
-16.76,33,116.968711
-14.0,38,117.086703
-16.81,22,117.160093
-7.95,30,117.255219
-13.53,24,117.331271
10.877256,57,117.476622
-15.34,28,117.537851
-13.03,34,117.618696
7.150943,40,117.738721
7.295775,29,117.828993
-7.76,28,117.935528
8.0,27,118.010647
-19.57,62,118.196922
-10.52,22,118.267098
-22.79,37,118.387528
-23.0,98,118.649343
9.701175,46,118.819991
-13.92,29,118.921304
-14.0,21,118.987443
-13.55,33,119.086767
-10.12,46,119.227864
-13.15,31,119.317179
-10.25,55,119.475362
-10.65,54,119.651883
-19.71,20,119.714539
-19.81,23,119.787284
-17.0,45,119.976571
-16.37,33,120.095139
-11.0,28,120.195369
-10.63,58,120.384091
-11.0,35,120.516407
-10.78,49,120.669929
-16.54,37,120.781713
-20.0,49,120.943617
-16.27,97,121.248113
-13.58,20,121.317176
-22.4,46,121.435151
-13.14,30,121.527827
-11.0,61,121.7246
-10.5,68,121.897542
-7.14,54,122.031942
8.0,54,122.172789
-16.42,23,122.248531
-22.15,29,122.332184
-13.62,29,122.424401
10.213178,46,122.540056
-16.18,18,122.584783
-10.61,26,122.649694
-9.94,35,122.72401
-11.0,40,122.829417
-7.33,48,122.997785
-7.92,39,123.13262
-16.91,30,123.211972
7.708333,61,123.381156
-13.04,42,123.506558
14.318278,30,123.604613
-13.95,31,123.697039
-8.0,85,123.942745
-13.51,32,124.046537
10.401735,73,124.274448
-19.29,33,124.379954
-10.3,29,124.470943
13.758278,32,124.573341
9.889336,61,124.745564
-8.0,42,124.862609
-13.41,32,124.968232
-16.48,33,125.065121
-19.56,41,125.180702
-16.58,54,125.336153
-13.33,34,125.460383
-11.0,68,125.670479
-18.19,25,125.754753
-8.0,25,125.834084
-10.88,51,125.988621
-10.4,77,126.225105
-19.02,30,126.299305
-7.55,30,126.366774
-11.0,48,126.481266
-13.27,37,126.585165
-11.0,33,126.685163
-13.79,27,126.762146
-13.61,43,126.879003
-10.37,44,127.037341
-16.13,41,127.16866
-17.0,26,127.250671
-19.05,35,127.348653
7.268868,33,127.45329
-13.25,42,127.581102
-13.49,67,127.79016
-16.93,18,127.852096
-13.55,20,127.93812
-8.0,45,128.076835
-13.14,26,128.157512
-16.03,27,128.234644
-7.86,30,128.328451
-8.0,29,128.417157
-16.65,20,128.483791
-13.82,31,128.574112
-11.0,38,128.686487
-13.31,37,128.796804
-10.25,32,128.892107
-13.07,28,128.984439
-10.76,20,129.039586
-13.49,26,129.109467
-13.38,38,129.194657
-7.4,34,129.281175
-16.84,62,129.450141
-19.64,23,129.52335
-13.53,56,129.699399
-17.0,28,129.784299
-22.62,21,129.845134
-16.64,34,129.947315
-8.0,27,130.016523
14.115132,25,130.09236
-11.0,26,130.177756
-13.14,31,130.263539
15.989314,24,130.339973
-13.53,28,130.413483
-7.7,67,130.570242
-13.23,31,130.640954
-19.63,25,130.694718
7.375451,70,130.873185
-11.0,41,130.995742
-14.0,27,131.083359
-13.07,38,131.196793
-10.63,34,131.295111
-11.0,34,131.390977
-7.05,28,131.478501
13.174513,44,131.602487
12.381074,31,131.70029
-13.27,23,131.772247
-7.7,30,131.866694
-14.0,25,131.952671
10.693878,22,132.008009
-17.0,33,132.095315
7.763636,76,132.320449
-13.75,37,132.439648
-13.27,68,132.7067
-19.57,34,132.829587
-7.3,41,132.974324
-7.7,34,133.085789
-13.91,45,133.231688
-7.91,25,133.314816
-11.0,41,133.443357
-16.44,31,133.538007
-19.31,27,133.620302
-14.0,21,133.688252
-13.42,41,133.794777
-16.07,20,133.858392
-10.37,39,134.06464
-7.66,56,134.271899
10.188421,84,134.556489
-10.24,89,134.84469
-11.0,52,135.038431
-14.0,54,135.236443
-10.81,169,135.743213
-13.6,27,135.830956
-7.21,38,135.96845
7.482014,33,136.066203
-16.29,56,136.235808
-16.94,48,136.37642
-13.88,52,136.536319
-16.05,39,136.662797
-16.93,21,136.730847
-16.14,27,137.296067
-19.77,32,137.401305
-16.7,31,137.499626
9.581969,93,137.775422
12.92962,63,137.97219
-13.18,30,138.070797
-10.16,46,138.212145
-14.0,78,138.376237
12.987601,29,138.443666
-19.69,36,138.524447
-11.0,28,138.585922
7.413655,101,138.868931
7.680412,27,138.976583
9.17155,38,139.092975
-8.0,39,139.217685
-16.06,34,139.319156
-19.89,39,139.42087
5.0,26,139.499994
-13.46,51,139.653974
11.93518,34,139.757328
-17.0,23,139.824313
-10.68,36,139.923021
-16.55,29,139.990133
-10.22,62,140.121951
-22.05,44,140.213175
-7.69,35,140.309905
-8.0,56,140.474638
-19.14,16,140.531263
10.249395,31,140.632808
-13.15,29,140.723439
9.741711,46,140.862003
-16.28,26,140.982976
9.494079,47,141.13438
-10.26,29,141.230195
-16.91,42,141.355637
-13.64,52,141.517085
-10.07,61,141.691538
-14.0,33,141.803008
-16.88,25,141.888221
-14.0,38,142.010926
-16.56,30,142.099949
-10.91,39,142.211724
-16.91,30,142.30072
-10.32,66,142.482183
-10.56,24,142.562003
-13.72,23,142.643319
-13.8,18,142.697927
-10.91,38,142.808213
18.866183,41,142.935208
-19.15,33,143.027423
-16.31,30,143.114622
-10.37,49,143.273365
-14.0,18,143.32641
-19.7,28,143.411267
-13.16,58,143.579028
-10.55,33,143.689262
-16.43,42,143.806426
-16.07,36,143.934468
7.204167,36,144.050266
-16.7,22,144.117344
-7.68,51,144.283278
-10.63,30,144.37305
-10.26,53,144.508489
-16.72,28,144.579357
-7.7,42,144.692965
10.667785,23,144.764591
-10.24,64,144.967836
-13.69,33,145.068621
-10.12,27,145.157077
-10.36,32,145.258507
-19.41,29,145.340449
-13.65,32,145.477542
-19.43,33,145.549415
-7.81,27,145.610174
-16.24,31,145.68201
10.222222,27,145.742696
-16.14,34,145.829106
-16.47,34,145.944753
7.597403,45,146.097371
-10.11,41,146.251603
-16.43,26,146.34539
-13.14,46,146.491066
-7.45,48,146.63531
10.026887,40,146.773693
9.645937,40,146.905028
-21.18,18,146.975211
-10.09,34,147.111273
8.0,32,147.220686
-11.0,35,147.334596
-19.27,24,147.411467
-13.78,35,147.525399
13.278746,38,147.649895
-7.51,62,147.828315
10.650333,63,148.09612
9.675335,45,148.237295
-16.04,24,148.322623
-11.0,35,148.435439
-13.67,37,148.555099
-16.36,25,148.635838
-11.0,33,148.744705
-11.0,39,148.870376
7.847973,52,149.061457
-13.17,30,149.161121
-10.02,82,149.409152
-8.0,54,149.585078
-14.0,26,149.677077
-14.0,22,149.747122
10.421244,26,149.830771
-11.0,27,149.925694
-17.0,31,150.015611
-13.91,24,150.09095
-19.03,41,150.182386
-13.24,25,150.243808
10.04948,43,150.376417
-16.35,29,150.467382
-10.91,41,150.582135
-7.47,69,150.785979
9.992232,42,150.931673
-16.61,37,151.044849
-16.69,21,151.111146
-19.33,29,151.19545
-7.15,36,151.308688
-19.2,29,151.403122
10.298137,84,151.584192
7.30038,35,151.663875
-10.3,21,151.711545
-10.67,31,151.793613
-13.41,73,152.004714
-7.37,50,152.163577
-14.0,20,152.227722
-11.0,31,152.322502
-10.53,29,152.416261
-16.79,44,152.551248
-13.15,48,152.695599
-10.7,49,152.842272
-16.37,31,152.9489
7.036066,45,153.084401
-13.76,40,153.199298
7.643293,57,153.381932
-10.51,37,153.501522
-7.78,53,153.669137
-16.6,31,153.759602
-8.0,40,153.882054
10.632454,73,154.138942
-8.0,106,154.457472
-13.91,38,154.584734
-13.93,47,154.732325
-14.0,35,154.842212
-13.29,62,155.042464
-10.95,42,155.180362
7.527559,33,155.28747
-7.82,46,155.432713
-7.71,30,155.533996
-13.63,26,155.615237
-16.81,53,155.753289
-17.0,51,155.907937
-16.52,46,156.049779
-7.83,47,156.194955
7.428571,49,156.329489
-16.76,27,156.411701
-22.29,69,156.580979
-16.05,21,156.644809
-19.75,28,156.726544
-14.0,27,156.826949
-10.02,47,156.985259
-19.7,28,157.069377
-13.1,34,157.169128
-13.5,33,157.282099
15.294689,48,157.434692
-13.91,56,157.602606
7.319149,41,157.728974
-10.83,48,157.856853
-14.0,37,157.977886
7.9,36,158.096419
-7.4,54,158.252694
-16.31,36,158.362599
-11.0,51,158.535291
-19.84,45,158.683681
-10.96,65,158.818347
-22.94,63,158.965576
-16.3,26,159.049805
17.946792,44,159.177249
-19.02,46,159.316895
10.507321,36,159.42924
8.0,47,159.582739
-10.53,44,159.737588
-7.12,41,159.865372
-13.57,30,159.972666
-13.52,34,160.080779
-16.56,21,160.145278
-16.77,23,160.21319
-10.62,26,160.294687
-8.0,39,160.399596
-19.1,22,160.460917
-10.36,39,160.569166
10.59387,51,160.732847
-10.12,52,160.894724
-14.0,30,161.006768
-13.6,58,161.186465
-16.04,42,161.325742
7.777049,63,161.521352
-16.52,32,161.627101
7.917241,50,161.78686
-16.18,48,161.97346
-17.0,32,162.074608
7.237548,108,162.40903
-7.84,31,162.515974
-7.9,61,162.708394
-13.52,31,162.807256
10.433099,30,162.906851
-7.3,49,163.061469
-13.82,28,163.150045
-19.77,61,163.311256
-7.99,39,163.43058
-10.44,68,163.624756
-10.66,38,163.753486
-13.02,27,163.838119
7.933824,42,163.973869
-16.81,42,164.091415
-13.52,68,164.315377
-16.88,48,164.487553
-12.26,24,164.577009
-10.04,45,164.728786
-19.48,39,164.840009
-19.59,25,164.926413
-16.4,29,165.005284
7.084034,29,165.091801
-8.0,118,165.45343
-16.5,29,165.556478
-19.75,21,165.613197
-13.78,89,165.79298
-13.34,38,165.887407
-17.0,43,166.013105
-20.0,34,166.112683
-10.71,40,166.230825
-13.17,80,166.45608
-10.36,56,166.642099
-16.34,26,166.731332
-19.52,33,166.822634
-8.0,52,166.992415
21.22529,29,167.090769
-7.01,45,167.237847
8.0,35,167.370649
-11.0,62,167.574683
15.676667,49,167.745838
-7.1,65,167.957122
-11.0,26,168.050293
-13.22,37,168.179885
-20.0,56,168.36049
-19.22,25,168.437256
-16.1,25,168.515463
8.0,61,168.692772
-19.12,17,168.747494
-13.63,37,168.85884
-11.0,38,169.021662
-10.05,34,169.144089
-13.88,34,169.257109
-13.56,30,169.354907
10.11335,55,169.533084
-13.66,37,169.660002
-13.88,29,169.758958
-16.89,50,169.900488
-20.0,25,169.979734
-10.55,33,170.077423
-10.6,48,170.221068
-13.57,40,170.342989
-12.84,25,170.434113
-22.51,20,170.498585
-13.87,24,170.568954
-16.69,28,170.644731
-10.23,38,170.751113
-10.43,23,170.819391
-8.0,47,170.963674
-11.0,27,171.051688
7.647059,46,171.201578
-13.9,31,171.306826
10.021638,50,171.468837
13.447458,40,171.593371
-18.97,32,171.695749
-16.76,25,171.776337
-16.15,31,171.846972
-16.28,34,171.9313
-7.85,88,172.120128
10.344538,51,172.277913
7.255474,34,172.393332
-10.54,35,172.512664
10.149425,28,172.602972
-16.39,31,172.705076
-16.41,47,172.835935
12.390254,79,173.133246
-8.0,49,173.299865
-13.69,35,173.413676
-13.6,36,173.535223
-16.35,27,173.628962
-10.21,31,173.735343
-14.0,35,173.85336
9.210371,29,173.969438
-10.83,46,174.117067
-13.72,27,174.187577
-19.37,34,174.276945
-7.51,53,174.443523
-10.36,33,174.549505
14.246374,38,174.678061
-8.0,41,174.81091
-14.0,48,174.982234
-10.35,38,175.128057
7.182879,57,175.895183
-10.72,48,176.062507
-19.45,44,176.186224
7.095238,44,176.342452
-10.44,39,176.45609
-11.0,63,176.640331
-19.06,35,176.766379
-13.37,41,176.893858
-7.12,45,177.064247
13.65873,43,177.210299
-10.63,47,177.346472
13.085308,58,177.549912
-20.0,31,177.635206
-8.0,36,177.728533
-15.36,42,177.845417
-13.9,34,177.95427
12.682238,53,178.13509
-13.52,29,178.232325
-10.57,41,178.368426
7.636364,68,178.58721
-8.0,35,178.715519
-13.87,31,178.832602
13.767606,25,178.907503
-7.88,37,179.035886
-9.69,59,179.290191
-16.84,38,179.436005
-19.53,41,179.563205
-13.15,59,179.735606
-22.06,13,179.779927
-13.92,51,179.959934
9.86154,47,180.118341
-11.0,51,180.301882
-7.44,39,180.425634
-13.91,36,180.540164
-14.0,60,180.697167
-17.0,60,180.823172
7.756364,69,181.006359
9.410655,40,181.128944
-10.54,70,181.360134
-11.0,37,181.491206
-22.69,18,181.544742
-16.56,39,181.657487
-11.0,35,181.753267
-10.1,34,181.842375
-19.28,24,181.917386
-9.38,49,182.083628
-18.62,38,182.199996
-7.81,44,182.338506
-19.29,53,182.491418
-13.45,34,182.607199
-13.76,72,182.819958
-10.1,65,183.03095
-11.0,71,183.255009
7.567164,31,183.370254
-7.69,29,183.46268
-14.0,70,183.665391
-22.15,27,183.744305
17.0,26,183.83465
16.598425,16,183.888835
-7.52,46,184.034022
12.565472,65,184.238346
7.859375,44,184.377081
-10.76,44,184.520547
-13.23,41,184.639579
7.160173,39,184.76543
-7.56,50,184.92746
9.959192,47,185.078736
-13.94,28,185.166529
-7.43,30,185.255822
-16.51,37,185.383008
-16.8,25,185.458742
13.48145,32,185.546678
7.375479,35,185.64974
-10.13,25,185.731183
-16.58,32,185.828897
-14.0,32,185.942901
-16.8,26,186.020337
-13.16,37,186.128453
-19.04,25,186.199444
-16.03,14,186.238335
-7.7,34,186.337725
-13.19,26,186.41114
-16.68,63,186.60781
-16.55,38,186.733227
-10.47,42,186.871818
7.064935,34,187.020464
-10.23,33,187.12166
-10.55,30,187.219983
-19.89,18,187.276892
7.077703,77,187.507715
-10.01,30,187.57341
-14.0,32,187.643381
-16.77,40,187.734842
-8.0,44,187.831909
-16.81,39,187.947301
-13.23,29,188.030345
-7.5,57,188.194221
16.181659,54,188.361345
-10.46,54,188.525979
-16.06,33,188.639905
9.771758,51,188.790447
15.28625,29,188.88034
-11.0,75,189.106592
-14.0,42,189.244348
-10.61,45,189.378347
-7.88,46,189.518116
10.655502,45,189.658227
-7.28,38,189.785854
-13.52,26,189.863051
-14.0,38,189.992833
-10.44,55,190.163538
-14.0,24,190.249334
-20.0,29,190.339721
7.38209,26,190.425234
-17.0,28,190.504589
-11.0,37,190.610012
-10.41,31,190.69361
-13.11,34,190.802244
-16.72,44,190.944034
-22.17,27,191.026573
-10.61,33,191.122514
-10.49,28,191.21075
10.574603,27,191.288108
-8.0,24,191.356426
-19.7,25,191.423623
-14.0,33,191.514222
-10.78,65,191.687445
-10.24,45,191.822434
-16.4,32,191.934286
-14.0,28,192.012381
-13.27,27,192.0974
-15.73,26,192.177794
-16.79,27,192.264021
7.475694,53,192.412741
5.0,30,192.503066
-17.0,38,192.612937
-10.63,52,192.76609
-16.84,32,192.862044
-19.4,28,192.95843
-19.23,21,193.017464
-16.82,18,193.069351
-16.8,37,193.178216
-10.21,26,193.257923
-10.02,26,193.332327
-10.99,130,193.666489
10.904167,24,193.749175
-10.9,40,193.865719
7.049261,65,194.120799
-7.99,30,194.185988
-16.89,35,194.264064
-10.62,25,194.3201
-13.5,68,194.461687
-10.26,30,194.544319
-8.0,30,194.632539
-13.81,29,194.717709
-16.39,32,194.811537
-13.8,27,194.888832
-13.31,44,195.016327
-13.09,32,195.121045
-14.0,22,195.199375
7.208494,37,195.305313
-7.19,44,195.431666
13.066176,36,195.550492
-10.23,33,195.65855
-19.07,23,195.72413
-15.95,46,195.852113
13.295276,34,195.959264
10.016556,51,196.103007
-10.47,25,196.192817
-19.3,26,196.26514
-7.04,36,196.379876
10.688462,34,196.487585
-20.0,51,196.638745
-16.68,26,196.735023
-19.05,18,196.789774
-8.0,58,196.976342
-7.25,46,197.132356
-7.81,26,197.21589
-10.55,49,197.36174
-14.0,33,197.462079
-19.24,21,197.524299
-13.45,54,197.692244
-16.84,26,197.766079
-10.91,33,197.879104
-19.04,22,197.948049
-13.48,21,198.00456
7.175373,49,198.152441
-11.0,29,198.242913
-13.85,33,198.344878
-7.64,43,198.464219
-13.94,33,198.559112
-8.0,33,198.659504
-7.37,50,198.817885
7.418251,38,198.907429
-7.02,35,198.997801
19.162055,25,199.054978
-7.73,35,199.134105
7.804487,63,199.308504
18.818816,23,199.3759
-22.66,26,199.445203
-14.0,34,199.533772
-13.26,38,199.649988
-13.34,23,199.719073
-16.45,26,199.799432
-17.0,19,199.853851
-10.9,29,199.938668
-19.77,40,200.047067
8.0,74,200.258277
-19.22,56,200.44367
-20.0,39,200.578208
-16.14,26,200.663088
-16.31,20,200.728795
11.0,28,200.813747
-13.5,47,200.976518
7.634921,38,201.093285
-8.0,32,201.190462
-16.15,32,201.28931
-19.8,20,201.350636
-17.0,31,201.43416
-8.0,25,201.510847
-22.55,16,201.560174
-7.96,75,201.793475
16.074074,41,201.948646
-18.92,34,202.060908
-16.95,33,202.166161
10.548611,28,202.259711
-13.96,26,202.332176
-16.37,21,202.390399
7.643293,49,202.531843
-7.76,67,202.727378
-16.06,26,202.811234
-16.94,46,202.956399
-20.0,26,203.032407
-7.51,53,203.196528
12.759485,28,203.299467
-16.81,26,203.372535
-10.4,43,203.492377
-13.38,44,203.637763
-11.0,33,203.745872
-10.66,59,203.903718
13.459016,33,204.005052
-13.69,29,204.084441
-13.29,26,204.166541
18.964539,50,204.313411
13.431424,50,204.454489
14.311302,30,204.554726
-10.83,34,204.660897
-17.17,50,204.805662
-20.0,38,204.944795
10.094959,36,205.076429
-16.72,34,205.165874
-13.67,24,205.218695
-17.0,24,205.270474
-10.19,86,205.448311
-7.91,24,205.504271
-10.85,28,205.571095
-20.0,25,205.630637
-14.0,30,205.713351
-7.84,35,205.811792
-16.2,19,205.868021
-10.02,32,205.974747
-7.56,27,206.05652
-8.0,45,206.199221
10.084112,40,206.321024
-17.0,24,206.393427
-19.1,29,206.481728
-10.5,25,206.557018
-14.0,25,206.616524
-16.06,28,206.681228
-10.24,46,206.813114
7.375839,31,206.935983
-10.07,36,207.049482
7.749091,83,207.325875
9.882683,29,207.438962
-10.46,47,207.58401
-13.81,46,207.723453
-22.53,35,207.838494
-13.13,35,207.989707
-16.29,41,208.129049
-10.15,29,208.237691
12.316809,27,208.333326
-14.0,48,208.47272
-10.35,56,208.648183
7.246269,50,208.807164
-13.28,29,208.902727
-10.33,37,209.033618
-11.0,77,209.269674
-19.76,28,209.363251
-10.5,74,209.538236
-13.81,33,209.60677
-14.0,25,209.665196
-10.78,39,209.748901
-13.27,81,209.965688
-7.61,31,210.065638
-13.77,27,210.142128
-17.0,29,210.222441
-16.56,50,210.360484
-12.37,46,210.492358
-7.5,57,210.667283
-16.91,51,210.806309
-19.67,43,210.941172
-13.36,62,211.116863
-16.11,29,211.206117
-11.0,29,211.308319
7.227129,43,211.438038
7.302817,59,211.618854
8.0,54,211.783904
10.306569,28,211.879126
-13.78,44,212.019732
-13.84,27,212.099643
-13.43,27,212.181295
-19.7,53,212.328907
-22.3,24,212.402134
-13.89,44,212.524378
-13.23,45,212.645923
-10.5,31,212.747825
-13.71,41,212.864169
10.053448,34,212.980568
-10.44,24,213.055868
10.03876,48,213.200097
-10.64,54,213.361739
-10.23,53,213.516558
-19.47,27,213.594066
9.750889,43,213.727774
-10.3,75,213.949231
-22.02,17,214.007709
-10.44,42,214.132017
-19.68,20,214.190746
16.145098,16,214.237095
-16.48,32,214.32992
-15.42,30,214.415163
-10.41,24,214.483643
-13.52,35,214.576033
-11.0,45,214.715176
-19.19,18,214.771286
7.041379,43,214.930908
-14.0,25,215.033458
-11.0,65,215.346596
-7.73,28,215.452436
-10.13,32,215.549797
-7.43,46,215.688341
-7.53,27,215.771498
-17.0,32,215.858546
-8.0,40,215.986931
-10.7,23,216.056757
-14.0,43,216.190264
-10.62,72,216.409136
-7.7,35,216.54648
-13.69,24,216.622349
-13.03,36,216.740331
-10.13,78,216.97922
10.176869,64,217.153929
7.275556,38,217.237166
-19.35,28,217.300433
-13.41,38,217.380184
-16.5,32,217.45014
7.530822,42,217.556736
-13.06,30,217.646697
-10.55,27,217.733314
-7.07,40,217.853679
7.903846,32,217.965823
-7.23,30,218.056342
-13.35,38,218.157811
-16.7,26,218.233115
-10.02,51,218.380495
-10.61,43,218.516261
-7.43,90,218.762964
-19.52,23,218.835808
-16.61,84,219.094942
9.876304,44,219.255401
10.810185,25,219.338231
-19.07,31,219.427699
-16.15,29,219.509213
-13.76,40,219.627398
-22.16,37,219.732376
-7.81,45,219.863977
-16.59,25,219.948172
-12.39,51,220.090486
-17.0,37,220.192352
-16.5,26,220.271609
-10.64,35,220.383493
-16.06,58,220.561793
-13.94,27,220.645175
-13.31,23,220.715001
-14.0,40,220.822231
12.860465,38,220.956463
-13.48,34,221.068576
-13.16,36,221.180628
-19.88,25,221.258674
-16.3,34,221.379323
-13.57,34,221.479946
-10.41,26,221.56771
-13.74,23,221.63742
8.0,30,221.727941
-14.0,19,221.784693
-19.02,49,222.642877
12.628894,33,222.747847
-16.77,45,222.880932
-22.4,12,222.928898
9.377673,36,223.043439
-16.35,21,223.106519
10.065182,40,223.22195
-13.06,54,223.381491
-10.94,40,223.521784
-13.03,47,223.670002
-10.33,29,223.766844
-17.0,37,223.866875
-19.3,48,224.018496
13.489664,54,224.178275
-7.3,42,224.312978
-13.34,41,224.442185
-13.23,49,224.58809
-13.87,39,224.696182
15.730554,22,224.771397
-19.3,29,224.838496
-19.08,27,224.895855
-16.27,49,225.024598
-7.44,65,225.160692
-13.91,51,225.277793
-11.0,53,225.429715
-22.18,41,225.542298
-19.79,20,225.609269
-19.07,26,225.68097
-22.31,19,225.730804
-13.71,35,225.825574
-11.0,46,225.965121
-13.12,35,226.054577
-13.81,27,226.133819
10.050693,58,226.300159
-10.63,30,226.393735
-7.51,38,226.508082
-16.89,25,226.589264
7.794677,37,226.701121
16.413907,23,226.781569
-13.32,66,227.00161
-13.81,38,227.124154
10.279851,43,227.258617
-10.88,48,227.410685
-19.83,33,227.503959
-19.18,42,227.622277
-19.01,21,227.689537
-7.19,79,227.967743
7.75,47,228.124576
-19.53,20,228.197587
-19.34,40,228.309325
-13.68,27,228.390096
-13.44,33,228.484588
-10.26,25,228.559958
-10.28,37,228.663936
-13.36,28,228.745039
-13.63,64,228.952297
7.207843,29,229.056145
8.0,90,229.338277
7.29563,86,229.607535
7.412698,74,229.826369
-10.97,33,229.942666
-13.14,27,230.030569
-16.5,42,230.169664
-13.15,32,230.266353
10.358255,29,230.353747
12.325376,32,230.449029
-13.36,32,230.549522
-11.0,31,230.638312
-10.13,46,230.771791
7.6,43,230.898341
-16.91,22,230.981525
10.232143,58,231.151056
-22.44,39,231.259551
7.783883,32,231.362134
16.487179,38,231.48188
15.001487,24,231.557674
-13.68,33,231.656574
-13.3,55,231.805506
-16.26,28,231.895979
-16.03,76,232.123459
10.066266,76,232.355382
-16.74,29,232.448373
-13.35,42,232.569064
7.044534,42,232.690736
-13.24,40,232.825463
-11.0,36,233.025905
-13.59,56,233.16166
-11.0,51,233.281326
-13.79,28,233.361292
-10.17,33,233.46149
-8.0,38,233.581759
-12.57,34,233.692324
-13.32,50,233.835161
-16.76,25,233.926248
-13.52,35,234.039083
-7.24,29,234.134169
-13.49,60,234.305579
-11.0,46,234.440737
-17.0,43,234.573886
-13.5,42,234.705295
-16.24,25,234.787303
-13.94,32,234.878878
-7.73,32,234.982736
-7.75,36,235.089342
7.13354,35,235.194719
-14.0,41,235.304694
-13.75,39,235.413975
-17.0,72,235.657157
-10.42,64,235.850224
-10.81,100,236.152285
-19.53,48,236.310459
7.581858,35,236.432956
-14.0,39,236.546857
-13.67,28,236.639547
-12.7,29,236.734699
-10.02,54,236.897396
7.865079,79,237.176179
-10.17,33,237.290245
-10.62,42,237.428328
7.402482,51,237.612285
10.518293,37,237.741565
-7.51,27,237.827501
-16.6,30,237.926866
-16.6,43,238.056572
-11.0,56,238.222928
11.835596,25,238.307771
11.54967,41,238.434315
-11.0,44,238.568744
7.470199,35,238.675202
-10.42,29,238.760773
-7.16,53,238.925712
-13.62,39,239.050713
-13.56,25,239.129848
-9.44,52,239.287413
-7.66,49,239.439198
-11.0,28,239.526588
-19.71,46,239.688691
-10.01,73,239.890816
-19.6,21,239.994437
-13.45,26,240.078111
7.264706,34,240.181645
-13.23,57,240.347583
-7.24,31,240.451044
16.915441,20,240.526853
-16.79,28,240.590597
7.367647,48,240.693187
-17.0,29,240.756398
9.73518,61,240.89116
7.910156,40,241.007409
10.671477,32,241.096427
17.825758,38,241.201432
7.616162,40,241.328616
-7.75,45,241.467321
22.22623,20,241.533723
22.565068,15,241.576599
-10.84,30,241.650852
-10.14,35,241.750005
-10.74,51,241.883984
-7.62,36,242.005489
7.232824,41,242.128373
-13.65,27,242.209792
-20.0,35,242.313915
-13.99,27,242.398453
-13.14,30,242.486376
10.089171,50,242.638007
-7.43,38,242.758134
-7.78,41,242.884174
-13.56,40,243.025383
-16.78,66,243.235666
-10.66,39,243.363204
-12.61,27,243.448777
-10.02,64,243.641098
-19.39,30,243.733703
-13.83,40,243.851896
-13.68,32,243.969418
-10.12,31,244.065977
16.28227,41,244.189102
-16.94,38,244.308772
-11.0,76,244.516271
7.168067,30,244.624483
-16.49,24,244.701526
10.331915,35,244.815747
-19.18,38,244.950413
-16.64,23,245.020341
-11.0,46,245.147402
-16.12,22,245.213098
-14.0,44,245.337175
-7.8,60,245.511198
-11.0,26,245.594981
-10.9,44,245.72425
-16.35,19,245.779895
-7.61,34,245.870895
-10.88,67,246.068464
-10.88,32,246.171266
-16.18,24,246.240142
-14.0,46,246.36934
16.714789,28,246.465227
13.685277,69,246.668226
-7.66,33,246.780268
-13.51,51,246.965795
7.11745,60,247.201224
-16.91,25,247.279662
-16.15,20,247.343203
-7.21,42,247.457538
-10.18,21,247.520569
-7.22,77,247.767121
-7.35,65,247.990513
-16.61,20,248.057785
-11.0,30,248.161809
-13.59,33,248.236135
-10.95,57,248.356056
10.214402,67,248.499506
-7.74,44,248.59507
-11.0,43,248.695262
-13.43,59,248.85251
-7.06,131,249.253698
-11.0,45,249.421961
-13.7,26,249.510195
-19.24,23,249.587943
-18.8,18,249.639872
7.515254,27,249.718675
7.30292,51,249.871933
-16.65,38,250.005949
7.935374,46,250.152145
-10.33,27,250.24452
-7.67,31,250.339559
-17.0,28,250.428394
19.526132,16,250.483789
-13.03,36,250.579137
-7.17,33,250.679514
-11.0,28,250.755861
-10.62,27,250.833386
-10.37,41,250.966135
-16.55,26,251.044092
-15.98,23,251.124132
-13.61,23,251.194316
12.964829,45,251.329503
-16.56,28,251.410816
12.518221,55,251.559544
-10.81,41,251.691965
-10.65,38,251.805621
10.333218,19,251.867563
-19.54,35,251.975773
7.525,37,252.085301
7.88345,49,252.224354
-16.29,32,252.330437
-13.82,31,252.432659
-7.59,37,252.553149
7.084932,27,252.639923
-10.61,29,252.741002
-13.11,30,252.834925
7.945098,30,252.93667
-7.46,40,253.072036
7.160643,44,253.207139
-10.97,74,253.431994
-16.35,47,253.571928
7.182171,54,253.734733
-16.16,37,253.862585
-19.54,37,253.99925
-13.58,88,254.237134
-16.56,51,254.380348
-8.0,44,254.520366
-17.0,25,254.606602
10.739465,48,254.751094
-10.01,33,254.853959
-14.0,46,255.000323
-13.51,43,255.131582
-8.0,38,255.261687
-13.35,36,255.383821
-19.44,24,255.457992
-17.5,68,255.675815
-14.0,25,255.760514
-13.08,42,255.883136
-10.89,34,255.998325
-19.74,30,256.099492
-10.66,46,256.231182
7.450172,47,256.368069
7.071429,44,256.502965
-10.62,40,256.648011
-13.39,39,256.828062
7.062069,52,256.955973
-9.15,28,257.019788
-16.53,23,257.073204
-16.5,43,257.165292
7.747664,54,257.296868
7.760274,26,257.377699
-7.28,69,257.560901
10.075758,33,257.664616
22.125537,37,257.766689
-13.15,39,257.863667
10.588415,58,258.035665
7.666667,63,258.244243
9.964297,53,258.413321
13.776952,51,258.539818
-7.48,40,258.638203
-19.24,38,258.756603
-8.0,31,258.85032
14.262396,37,258.991073
-13.73,23,259.072268
-19.56,20,259.135782
-19.32,47,259.276903
-7.01,38,259.388245
7.25,64,259.586845
-14.0,55,259.774169
-19.54,30,259.870933
-15.74,30,259.979872
-7.01,60,260.174097
-13.46,41,260.296469
-13.21,24,260.377453
7.437262,34,260.488288
-13.91,20,260.542272
-7.58,41,260.640333
-16.79,57,260.792397
-13.97,24,260.865407
-19.57,34,260.989211
-7.51,44,261.132938
19.567227,20,261.207958
-12.84,49,261.34726
-23.0,74,261.548418
7.279412,35,261.660939
-19.9,29,261.756945
-16.24,42,261.882247
-16.59,38,262.001705
-11.0,35,262.105403
-7.35,49,262.245235
-7.39,27,262.340136
22.569231,12,262.386592
-16.79,36,262.486518
-11.0,53,262.640793
-14.0,35,262.736673
-7.49,37,262.844814
-16.82,51,262.99561
-10.78,48,263.142302
-16.75,37,263.258963
-7.37,97,263.55993
13.565916,23,263.644686
7.2,55,263.825712
10.784577,38,263.938179
10.025411,32,264.023133
-16.27,39,264.133656
-10.32,54,264.287623
-19.16,34,264.383633
-13.48,32,264.483218
-13.27,42,264.605556
-10.48,37,264.718621
-13.43,46,264.861869
-10.76,34,264.983987
7.805344,67,265.178933
12.479417,87,265.448044
-11.0,33,265.562719
-7.58,45,265.713923
-7.84,30,265.787012
-16.02,47,265.882998
7.670034,42,265.978564
10.712885,42,266.072671
10.485216,30,266.138179
13.123048,26,266.204316
-7.68,64,266.386816
7.516556,38,266.515845
-8.0,59,266.692586
-23.0,17,266.74452
-10.38,28,266.818817
-13.88,23,266.89305
-10.21,33,267.010697
-10.38,41,267.139774
-7.26,68,267.357637
-13.47,33,267.464959
-14.0,28,267.559734
-7.83,80,267.803436
15.6859,37,267.971334
-11.0,42,268.146607
-19.09,28,268.239721
-13.1,30,268.326908
12.008114,130,268.725457
7.340741,27,268.819687
-10.59,23,268.896883
-16.11,46,269.036192
-19.43,32,269.132101
-7.26,34,269.241542
7.054286,91,269.497777
-13.27,35,269.608339
-19.62,28,269.696484
-16.14,35,269.79819
-19.25,29,269.890556
-14.0,20,269.967271
-14.0,36,270.078934
9.0,39,270.193968
-13.14,33,270.291462
-10.77,30,270.391908
-7.88,54,270.542023
14.0,22,270.613447
-19.64,21,270.669087
-20.0,30,270.749323
-13.86,52,270.900039
7.667808,37,271.032519
-11.0,63,271.228963
-10.96,27,271.320749
-13.91,40,271.43318
-13.24,25,271.511396
-19.13,22,271.577045
-13.9,29,271.665079
-16.12,20,271.724492
-19.01,32,271.800578
-19.75,33,271.885804
-17.0,47,272.037023
13.137931,21,272.111363
-17.0,49,272.245599
-10.56,25,272.303398
-10.34,33,272.375814
7.609272,32,272.448471
-7.62,30,272.516365
-16.24,25,272.570633
7.811024,35,272.645191
-11.0,34,272.722878
-16.83,46,272.834074
16.052817,33,272.95849
-11.0,23,273.029359
-8.0,83,273.266434
-10.61,39,273.416991
-10.62,46,273.568011
-7.34,35,273.683446
-14.0,51,273.829961
-11.0,26,273.914419
-13.66,35,274.020822
7.276423,38,274.133859
-13.26,33,274.235725
10.757202,32,274.341945
-10.76,63,274.521779
9.784106,45,274.661948
-10.23,43,274.754719
-13.62,27,274.815688
9.476932,29,274.88512
-16.54,86,275.195301
-13.11,25,275.278592
-19.03,18,275.338521
12.259938,40,275.460387
-19.39,29,275.538695
-13.52,23,275.6113
-8.0,49,275.752197
-13.84,38,275.85945
-19.2,27,275.953165
-19.2,29,276.028254
-13.4,35,276.104448
7.841667,51,276.231097
-14.0,34,276.326968
9.928437,58,276.506136
-10.41,24,276.589039
-10.03,66,276.77562
-17.0,26,276.862025
-8.0,43,277.001906
-16.57,29,277.091061
-8.0,37,277.196813
7.825926,51,277.350789
-7.24,31,277.445347
-13.57,45,277.599731
7.301158,46,277.737669
-16.51,51,277.890283
-16.73,35,278.006007
-14.0,24,278.078334
-13.43,32,278.164791
-13.91,31,278.254325
-11.0,38,278.358518
-16.88,33,278.455853
16.823741,39,278.571609
-7.58,39,278.696176
-8.0,51,279.824706
-11.0,49,279.992356
-19.4,35,280.092726
-7.45,45,280.239658
9.753824,71,280.437879
-14.0,29,280.529132
12.300991,25,280.608993
-10.65,43,280.739511
-7.55,37,280.849965
-17.0,35,280.962173
-10.65,32,281.061545
-14.0,54,281.218636
-13.19,30,281.312506
-8.0,22,281.380391
-16.52,28,281.463188
-13.07,26,281.54114
-9.68,26,281.620402
10.627586,45,281.776881
-11.0,36,281.891872
-10.72,31,282.004308
-16.49,23,282.076991
-19.11,37,282.189666
-16.1,27,282.268882
-11.0,23,282.337275
-19.08,19,282.397269
-7.35,25,282.48384
8.0,27,282.570684
-19.94,39,282.807448
7.277397,64,283.091406
15.186358,33,283.220465
7.378049,53,283.391236
-16.1,37,283.635494
-19.9,28,283.915941
-16.21,28,284.263935
7.809524,40,284.459343
-13.7,23,284.551878
7.478599,33,284.648316
-10.24,33,284.75438
10.291396,76,284.995773
-13.85,36,285.117398
8.104731,30,285.218609
10.120028,38,285.34643
-16.65,34,285.442234
-13.41,37,285.541201
-16.5,27,285.613343
-23.0,48,285.726095
7.86014,72,285.944096
-11.0,24,286.021001
7.436782,35,286.131233
-7.37,37,286.242135
-13.99,37,286.349598
8.0,40,286.475242
-11.0,37,286.602361
-17.0,33,286.692191
-7.88,35,286.768402
-10.29,32,286.839483
-10.13,25,286.891189
13.180451,23,286.958695
-13.29,30,287.025993
-16.77,34,287.100702
-13.74,28,287.165849
7.410774,46,287.286063
7.042373,85,287.476633
-13.91,76,287.695907
-7.81,61,287.886921
-16.42,25,287.983102
-13.54,43,288.108356
-13.09,50,288.275019
-7.3,72,288.476696
-13.28,44,288.627181
-10.01,24,288.705141
-13.6,33,288.799304
7.901575,64,289.008222
-8.0,38,289.129877
-22.22,23,289.194681
7.077181,48,289.307172
12.599759,67,289.504494
-7.84,36,289.636761
-10.89,26,289.725951
-11.0,50,289.876921
-13.54,35,289.992883
-13.92,78,290.198593
-16.39,50,290.349194
-10.69,61,290.525821
-19.69,47,290.66959
-13.19,22,290.746411
-16.18,27,290.832149
7.10917,48,290.988355
-13.56,42,291.115187
-10.91,58,291.293086
8.0,53,291.457663
7.85614,64,291.706915
-10.93,29,291.807439
-14.0,33,291.909145
-10.28,52,292.057768
-10.2,40,292.182103
-7.2,42,292.318796
-10.88,40,292.444979
-13.45,24,292.521905
-13.77,28,292.610107
-16.37,34,292.712308
-11.0,25,292.793554
-14.0,65,293.100428
-19.37,44,293.246279
-17.0,21,293.314081
-16.57,20,293.374841
-13.91,24,293.449497
-7.72,54,293.669423
-13.56,42,293.832749
-13.81,25,293.928864
10.963068,33,294.032863
-10.27,46,294.191115
-10.24,30,294.290957
-14.0,70,294.514486
-13.13,47,294.69415
11.0,23,294.774892
-10.44,31,294.872808
-7.13,23,294.961293
-16.87,37,295.080848
-13.14,37,295.1886
-19.38,19,295.244774
-16.03,41,295.361998
-19.22,23,295.426083
-10.87,89,295.708482
-8.0,34,295.837581
-19.73,28,295.931159
-16.34,34,296.024888
-10.64,36,296.12928
-8.0,65,296.307898
-16.28,39,296.422842
-7.59,32,296.523409
8.0,37,296.645141
-7.35,37,296.754317
10.366142,58,296.949533
-11.0,40,297.073787
-10.5,51,297.229573
-16.65,28,297.325409
-11.0,37,297.409156
-19.33,28,297.470021
8.0,66,297.603204
-19.81,17,297.638181
-20.0,27,297.6943
-16.62,29,297.756499
12.683814,46,297.882359
-13.59,28,297.984281
-10.36,28,298.085816
-10.3,46,298.236273
-13.32,32,298.331042
16.737805,29,298.432784
-10.53,35,298.553688
-13.59,71,298.784105
-22.09,15,298.840605
-12.81,51,299.003819
-16.64,28,299.094925
-10.39,74,299.332812
-19.55,30,299.432763
9.808137,40,299.559156
7.671111,27,299.659716
-16.88,66,299.836069
10.177019,37,299.972807
-16.41,57,300.173415
-7.9,36,300.302791
9.991736,38,300.429624
-10.98,27,300.514186
-13.73,22,300.590019
-7.21,50,300.745397
-10.89,31,300.836655
12.506913,41,300.974656
7.672932,38,301.09798
-16.01,35,301.216976
7.21831,27,301.306435
-19.16,21,301.367674
-10.23,25,301.445203
14.858807,27,301.535377
-11.0,54,301.693531
7.332016,54,301.87552
-13.11,37,302.00319
7.033113,48,302.152153
-10.68,74,302.371437
-13.68,40,302.493671
9.39032,37,302.610169
-7.03,34,302.721729
10.931408,29,302.815607
10.897436,34,302.937274
-16.5,44,303.068752
-16.58,41,303.20344
-10.88,29,303.296775
-11.0,35,303.402902
-14.0,23,303.47214
-17.0,19,303.529788
-13.54,23,303.600651
7.658088,55,303.75231
-17.0,46,303.88672
-10.4,50,304.05066
-17.0,86,304.323067
-10.78,42,304.467504
7.392727,38,304.591242
-13.5,28,304.680716
-14.0,36,304.784694
-10.44,26,304.860414
-16.16,20,304.933983
10.210215,33,305.040933
9.717569,39,305.164037
-13.27,25,305.242654
-8.0,54,305.415814
-19.56,40,305.534016
-8.0,36,305.642238
-9.05,18,305.700707
-10.61,38,305.803357
-8.0,40,305.937319
-15.41,53,306.09354
7.257028,34,306.204311
10.395062,52,306.384841
9.333221,61,306.611324
10.854167,42,306.74824
-16.18,29,306.810465
-7.16,58,306.957785
-5.0,26,307.01662
7.261589,49,307.128144
7.225352,46,307.257085
-10.51,29,307.347787
-13.23,33,307.444437
-10.46,72,307.653386
16.765498,38,307.788817
-13.74,38,307.905644
11.0,30,308.008059
